Ashwin,10001
Ashwin,10001
Ashwin,10001
Ashwin,10001
Ashwin,10001
Ashwin,10001
Ashwin,10001
Ashwin,10001
Ashwin,10001
Ashwin,10001
Ashwin,10001
Ashwin,10001
Ashwin,10001
Ashwin,10001
Ashwin,10001
Ashwin,10001
Ashwin,10001
Ashwin,10001
Ashwin,10001
Ashwin,10001
Ashwin,10001
Ashwin,10001
Ashwin,10001
Ashwin,10001
Ashwin,10001
Ashwin,10001
Ashwin,10001
Ashwin,10001
Ashwin,10001
Ashwin,10001
Ashwin,10001
Ashwin,10001
Ashwin,10001
Ashwin,10001
Ashwin,10001
Ashwin,10001
Ashwin,10001
Ashwin,10001
Ashwin,10001
Ashwin,10001
Ashwin,10001
Ashwin,10001
Ashwin,10001
Ashwin,10001
Ashwin,10001
Ashwin,10001
Ashwin,10001
Ashwin,10001
Ashwin,10001
Ashwin,10001
Ashwin,10001
Ashwin,10001
Ashwin,10001
Ashwin,10001
Ashwin,10001
Ashwin,10001
Ashwin,10001
Ashwin,10001
Ashwin,10001
Ashwin,10001
Ashwin,10001
Ashwin,10001
Ashwin,10001
Ashwin,10001
Ashwin,10001
Ashwin,10001
Ashwin,10001
Ashwin,10001
Ashwin,10001
Ashwin,10001
Ashwin,10001
Ashwin,10001
Ashwin,10001
Ashwin,10001
Ashwin,10001
Ashwin,10001
Ashwin,10001
Ashwin,10001
Ashwin,10001
Ashwin,10001
Ashwin,10001
Ashwin,10001
Ashwin,10001
Ashwin,10001
Ashwin,10001
Ashwin,10001
Ashwin,10001
Ashwin,10001
Ashwin,10001
Ashwin,10001
Ashwin,10001
Ashwin,10001
Ashwin,10001
Ashwin,10001
Ashwin,10001
Ashwin,10001
Ashwin,10001
Ashwin,10001
Ashwin,10001
Ashwin,10001
Ashwin,10001
Ashwin,10001
Ashwin,10001
Ashwin,10001
Ashwin,10001
Ashwin,10001
Ashwin,10001
Ashwin,10001
Ashwin,10001
Ashwin,10001
Ashwin,10001
Ashwin,10001
Ashwin,10001
Ashwin,10001
Ashwin,10001
Ashwin,10001
Ashwin,10001
Ashwin,10001
Ashwin,10001
Ashwin,10001
Ashwin,10001
Ashwin,10001
Ashwin,10001
Ashwin,10001
Ashwin,10001
Ashwin,10001
Ashwin,10001
Ashwin,10001
Ashwin,10001
Ashwin,10001
Ashwin,10001
Ashwin,10001
Ashwin,10001
Ashwin,10001
Ashwin,10001
Ashwin,10001
Ashwin,10001
Ashwin,10001
Ashwin,10001
Ashwin,10001
Ashwin,10001
Ashwin,10001
Ashwin,10001
Ashwin,10001
Ashwin,10001
Ashwin,10001
Ashwin,10001
Ashwin,10001
Ashwin,10001
Ashwin,10001
Ashwin,10001
Ashwin,10001
Ashwin,10001
Ashwin,10001
Ashwin,10001
Ashwin,10001
Ashwin,10001
Ashwin,10001
Ashwin,10001
Ashwin,10001
Ashwin,10001
Ashwin,10001
Ashwin,10001
Ashwin,10001
Ashwin,10001
Ashwin,10001
Ashwin,10001
Ashwin,10001
Ashwin,10001
Ashwin,10001
Ashwin,10001
Ashwin,10001
Ashwin,10001
Ashwin,10001
Ashwin,10001
Ashwin,10001
Ashwin,10001
Ashwin,10001
Ashwin,10001
Ashwin,10001
Ashwin,10001
Ashwin,10001
Ashwin,10001
Ashwin,10001
Ashwin,10001
Ashwin,10001
Ashwin,10001
Ashwin,10001
Ashwin,10001
Ashwin,10001
Ashwin,10001
Ashwin,10001
Ashwin,10001
Ashwin,10001
Ashwin,10001
Ashwin,10001
Ashwin,10001
Ashwin,10001
Ashwin,10001
Ashwin,10001
Ashwin,10001
Ashwin,10001
Ashwin,10001
Ashwin,10001
Ashwin,10001
Ashwin,10001
Ashwin,10001
Ashwin,10001
Ashwin,10001
Ashwin,10001
Ashwin,10001
Ashwin,10001
Ashwin,10001
Ashwin,10001
Ashwin,10001
Ashwin,10001
Ashwin,10001
Ashwin,10001
Ashwin,10001
Ashwin,10001
Ashwin,10001
Ashwin,10001
Ashwin,10001
Ashwin,10001
Ashwin,10001
Ashwin,10001
Ashwin,10001
Ashwin,10001
Ashwin,10001
Ashwin,10001
Ashwin,10001
Ashwin,10001
Ashwin,10001
Ashwin,10001
Ashwin,10001
Ashwin,10001
Ashwin,10001
Ashwin,10001
Ashwin,10001
Ashwin,10001
Ashwin,10001
Ashwin,10001
Ashwin,10001
Ashwin,10001
Ashwin,10001
Ashwin,10001
Ashwin,10001
Ashwin,10001
Ashwin,10001
Ashwin,10001
Ashwin,10001
Ashwin,10001
Ashwin,10001
Ashwin,10001
Ashwin,10001
Ashwin,10001
Ashwin,10001
Ashwin,10001
Ashwin,10001
Ashwin,10001
Ashwin,10001
Ashwin,10001
Ashwin,10001
Ashwin,10001
Ashwin,10001
Ashwin,10001
Ashwin,10001
Ashwin,10001
Ashwin,10001
Ashwin,10001
Ashwin,10001
Ashwin,10001
Ashwin,10001
Ashwin,10001
Ashwin,10001
Ashwin,10001
Ashwin,10001
Ashwin,10001
Ashwin,10001
Ashwin,10001
Ashwin,10001
Ashwin,10001
Ashwin,10001
Ashwin,10001
Ashwin,10001
Ashwin,10001
Ashwin,10001
Ashwin,10001
Ashwin,10001
Ashwin,10001
Ashwin,10001
Ashwin,10001
Ashwin,10001
Ashwin,10001
Ashwin,10001
Ashwin,10001
Ashwin,10001
Ashwin,10001
Ashwin,10001
Ashwin,10001
Ashwin,10001
Ashwin,10001
Ashwin,10001
Ashwin,10001
Ashwin,10001
Ashwin,10001
Ashwin,10001
Ashwin,10001
Ashwin,10001
Ashwin,10001
Ashwin,10001
Ashwin,10001
Ashwin,10001
Ashwin,10001
Ashwin,10001
Ashwin,10001
Ashwin,10001
Ashwin,10001
Ashwin,10001
Ashwin,10001
Ashwin,10001
Ashwin,10001
Ashwin,10001
Ashwin,10001
Ashwin,10001
Ashwin,10001
Ashwin,10001
Ashwin,10001
Ashwin,10001
Ashwin,10001
Ashwin,10001
Ashwin,10001
Ashwin,10001
Ashwin,10001
Ashwin,10001
Ashwin,10001
Ashwin,10001
Ashwin,10001
Ashwin,10001
Ashwin,10001
Ashwin,10001
Ashwin,10001
Ashwin,10001
Ashwin,10001
Ashwin,10001
Ashwin,10001
Ashwin,10001
Ashwin,10001
Ashwin,10001
Ashwin,10001
Ashwin,10001
Ashwin,10001
Ashwin,10001
Ashwin,10001
Ashwin,10001
Ashwin,10001
Ashwin,10001
Ashwin,10001
Ashwin,10001
Ashwin,10001
Ashwin,10001
Ashwin,10001
Ashwin,10001
Ashwin,10001
Ashwin,10001
Ashwin,10001
Ashwin,10001
Ashwin,10001
Ashwin,10001
Ashwin,10001
Ashwin,10001
Ashwin,10001
Ashwin,10001
Ashwin,10001
Ashwin,10001
Ashwin,10001
Ashwin,10001
Ashwin,10001
Ashwin,10001
Ashwin,10001
Ashwin,10001
Ashwin,10001
Ashwin,10001
Ashwin,10001
Ashwin,10001
Ashwin,10001
Ashwin,10001
Ashwin,10001
Ashwin,10001
Ashwin,10001
Ashwin,10001
Ashwin,10001
Ashwin,10001
Ashwin,10001
Ashwin,10001
Ashwin,10001
Ashwin,10001
Ashwin,10001
Ashwin,10001
Ashwin,10001
Ashwin,10001
Ashwin,10001
Ashwin,10001
Ashwin,10001
Ashwin,10001
Ashwin,10001
Ashwin,10001
Ashwin,10001
Ashwin,10001
Ashwin,10001
Ashwin,10001
Ashwin,10001
Ashwin,10001
Ashwin,10001
Ashwin,10001
Ashwin,10001
Ashwin,10001
Ashwin,10001
Ashwin,10001
Ashwin,10001
Ashwin,10001
Ashwin,10001
Ashwin,10001
Ashwin,10001
Ashwin,10001
Ashwin,10001
Ashwin,10001
Ashwin,10001
Ashwin,10001
Ashwin,10001
Ashwin,10001
Ashwin,10001
Ashwin,10001
Ashwin,10001
Ashwin,10001
Ashwin,10001
Ashwin,10001
Ashwin,10001
Ashwin,10001
Ashwin,10001
Ashwin,10001
Ashwin,10001
Ashwin,10001
Ashwin,10001
Ashwin,10001
Ashwin,10001
Ashwin,10001
Ashwin,10001
Ashwin,10001
Ashwin,10001
Ashwin,10001
Ashwin,10001
Ashwin,10001
Ashwin,10001
Ashwin,10001
Ashwin,10001
Ashwin,10001
Ashwin,10001
Ashwin,10001
Ashwin,10001
Ashwin,10001
Ashwin,10001
Ashwin,10001
Ashwin,10001
Ashwin,10001
Ashwin,10001
Ashwin,10001
Ashwin,10001
Ashwin,10001
Ashwin,10001
Ashwin,10001
Ashwin,10001
Ashwin,10001
Ashwin,10001
Ashwin,10001
Ashwin,10001
Ashwin,10001
Ashwin,10001
Ashwin,10001
Ashwin,10001
Ashwin,10001
Ashwin,10001
Ashwin,10001
Ashwin,10001
Ashwin,10001
Ashwin,10001
Ashwin,10001
Ashwin,10001
Ashwin,10001
Ashwin,10001
Ashwin,10001
Ashwin,10001
Ashwin,10001
Ashwin,10001
Ashwin,10001
Ashwin,10001
Ashwin,10001
Ashwin,10001
Ashwin,10001
Ashwin,10001
Ashwin,10001
Ashwin,10001
Ashwin,10001
Ashwin,10001
Ashwin,10001
Ashwin,10001
Ashwin,10001
Ashwin,10001
Ashwin,10001
Ashwin,10001
Ashwin,10001
Ashwin,10001
Ashwin,10001
Ashwin,10001
Ashwin,10001
Ashwin,10001
Ashwin,10001
Ashwin,10001
Ashwin,10001
Ashwin,10001
Ashwin,10001
Ashwin,10001
Ashwin,10001
Ashwin,10001
Ashwin,10001
Ashwin,10001
Ashwin,10001
Ashwin,10001
Ashwin,10001
Ashwin,10001
Ashwin,10001
Ashwin,10001
Ashwin,10001
Ashwin,10001
Ashwin,10001
Ashwin,10001
Ashwin,10001
Ashwin,10001
Ashwin,10001
Ashwin,10001
Ashwin,10001
Ashwin,10001
Ashwin,10001
Ashwin,10001
Ashwin,10001
Ashwin,10001
Ashwin,10001
Ashwin,10001
Ashwin,10001
Ashwin,10001
Ashwin,10001
Ashwin,10001
Ashwin,10001
Ashwin,10001
Ashwin,10001
Ashwin,10001
Ashwin,10001
Ashwin,10001
Ashwin,10001
Ashwin,10001
Ashwin,10001
Ashwin,10001
Ashwin,10001
Ashwin,10001
Ashwin,10001
Ashwin,10001
Ashwin,10001
Ashwin,10001
Ashwin,10001
Ashwin,10001
Ashwin,10001
Ashwin,10001
Ashwin,10001
Ashwin,10001
Ashwin,10001
Ashwin,10001
Ashwin,10001
Ashwin,10001
Ashwin,10001
Ashwin,10001
Ashwin,10001
Ashwin,10001
Ashwin,10001
Ashwin,10001
Ashwin,10001
Ashwin,10001
Ashwin,10001
Ashwin,10001
Ashwin,10001
Ashwin,10001
Ashwin,10001
Ashwin,10001
Ashwin,10001
Ashwin,10001
Ashwin,10001
Ashwin,10001
Ashwin,10001
Ashwin,10001
Ashwin,10001
Ashwin,10001
Ashwin,10001
Ashwin,10001
Ashwin,10001
Ashwin,10001
Ashwin,10001
Ashwin,10001
Ashwin,10001
Ashwin,10001
Ashwin,10001
Ashwin,10001
Ashwin,10001
Ashwin,10001
Ashwin,10001
Ashwin,10001
Ashwin,10001
Ashwin,10001
Ashwin,10001
Ashwin,10001
Ashwin,10001
Ashwin,10001
Ashwin,10001
Ashwin,10001
Ashwin,10001
Ashwin,10001
Ashwin,10001
Ashwin,10001
Ashwin,10001
Ashwin,10001
Ashwin,10001
Ashwin,10001
Ashwin,10001
Ashwin,10001
Ashwin,10001
Ashwin,10001
Ashwin,10001
Ashwin,10001
Ashwin,10001
Ashwin,10001
Ashwin,10001
Ashwin,10001
Ashwin,10001
Ashwin,10001
Ashwin,10001
Ashwin,10001
Ashwin,10001
Ashwin,10001
Ashwin,10001
Ashwin,10001
Ashwin,10001
Ashwin,10001
Ashwin,10001
Ashwin,10001
Ashwin,10001
Ashwin,10001
Ashwin,10001
Ashwin,10001
Ashwin,10001
Ashwin,10001
Ashwin,10001
Ashwin,10001
Ashwin,10001
Ashwin,10001
Ashwin,10001
Ashwin,10001
Ashwin,10001
Ashwin,10001
Ashwin,10001
Ashwin,10001
Ashwin,10001
Ashwin,10001
Ashwin,10001
Ashwin,10001
Ashwin,10001
Ashwin,10001
Ashwin,10001
Ashwin,10001
Ashwin,10001
Ashwin,10001
Ashwin,10001
Ashwin,10001
Ashwin,10001
Ashwin,10001
Ashwin,10001
Ashwin,10001
Ashwin,10001
Ashwin,10001
Ashwin,10001
Ashwin,10001
Ashwin,10001
Ashwin,10001
Ashwin,10001
Ashwin,10001
Ashwin,10001
Ashwin,10001
Ashwin,10001
Ashwin,10001
Ashwin,10001
Ashwin,10001
Ashwin,10001
Ashwin,10001
Ashwin,10001
Ashwin,10001
Ashwin,10001
Ashwin,10001
Ashwin,10001
Ashwin,10001
Ashwin,10001
Ashwin,10001
Ashwin,10001
Ashwin,10001
Ashwin,10001
Ashwin,10001
Ashwin,10001
Ashwin,10001
Ashwin,10001
Ashwin,10001
Ashwin,10001
Ashwin,10001
Ashwin,10001
Ashwin,10001
Ashwin,10001
Ashwin,10001
Ashwin,10001
Ashwin,10001
Ashwin,10001
Ashwin,10001
Ashwin,10001
Ashwin,10001
Ashwin,10001
Ashwin,10001
Ashwin,10001
Ashwin,10001
Ashwin,10001
Ashwin,10001
Ashwin,10001
Ashwin,10001
Ashwin,10001
Ashwin,10001
Ashwin,10001
Ashwin,10001
Ashwin,10001
Ashwin,10001
Ashwin,10001
Ashwin,10001
Ashwin,10001
Ashwin,10001
Ashwin,10001
Ashwin,10001
Ashwin,10001
Ashwin,10001
Ashwin,10001
Ashwin,10001
Ashwin,10001
Ashwin,10001
Ashwin,10001
Ashwin,10001
Ashwin,10001
Ashwin,10001
Ashwin,10001
Ashwin,10001
Ashwin,10001
Ashwin,10001
Ashwin,10001
Ashwin,10001
Ashwin,10001
Ashwin,10001
Ashwin,10001
Ashwin,10001
Ashwin,10001
Ashwin,10001
Ashwin,10001
Ashwin,10001
Ashwin,10001
Ashwin,10001
Ashwin,10001
Ashwin,10001
Ashwin,10001
Ashwin,10001
Ashwin,10001
Ashwin,10001
Ashwin,10001
Ashwin,10001
Ashwin,10001
Ashwin,10001
Ashwin,10001
Ashwin,10001
Ashwin,10001
Ashwin,10001
Ashwin,10001
Ashwin,10001
Ashwin,10001
Ashwin,10001
Ashwin,10001
Ashwin,10001
Ashwin,10001
Ashwin,10001
Ashwin,10001
Ashwin,10001
Ashwin,10001
Ashwin,10001
Ashwin,10001
Ashwin,10001
Ashwin,10001
Ashwin,10001
Ashwin,10001
Ashwin,10001
Ashwin,10001
Ashwin,10001
Ashwin,10001
Ashwin,10001
Ashwin,10001
Ashwin,10001
Ashwin,10001
Ashwin,10001
Ashwin,10001
Ashwin,10001
Ashwin,10001
Ashwin,10001
Ashwin,10001
Ashwin,10001
Ashwin,10001
Ashwin,10001
Ashwin,10001
Ashwin,10001
Ashwin,10001
Ashwin,10001
Ashwin,10001
Ashwin,10001
Ashwin,10001
Ashwin,10001
Ashwin,10001
Ashwin,10001
Ashwin,10001
Ashwin,10001
Ashwin,10001
Ashwin,10001
Ashwin,10001
Ashwin,10001
Ashwin,10001
Ashwin,10001
Ashwin,10001
Ashwin,10001
Ashwin,10001
Ashwin,10001
Ashwin,10001
Ashwin,10001
Ashwin,10001
Ashwin,10001
Ashwin,10001
Ashwin,10001
Ashwin,10001
Ashwin,10001
Ashwin,10001
Ashwin,10001
Ashwin,10001
Ashwin,10001
Ashwin,10001
Ashwin,10001
Ashwin,10001
Ashwin,10001
Ashwin,10001
Ashwin,10001
Ashwin,10001
Ashwin,10001
Ashwin,10001
Ashwin,10001
Ashwin,10001
Ashwin,10001
Ashwin,10001
Ashwin,10001
Ashwin,10001
Ashwin,10001
Ashwin,10001
Ashwin,10001
Ashwin,10001
Ashwin,10001
Ashwin,10001
Ashwin,10001
Ashwin,10001
Ashwin,10001
Ashwin,10001
Ashwin,10001
Ashwin,10001
Ashwin,10001
Ashwin,10001
Ashwin,10001
Ashwin,10001
Ashwin,10001
Ashwin,10001
Ashwin,10001
Ashwin,10001
Ashwin,10001
Ashwin,10001
Ashwin,10001
Ashwin,10001
Ashwin,10001
Ashwin,10001
Ashwin,10001
Ashwin,10001
Ashwin,10001
Ashwin,10001
Ashwin,10001
Ashwin,10001
Ashwin,10001
Ashwin,10001
Ashwin,10001
Ashwin,10001
Ashwin,10001
Ashwin,10001
Ashwin,10001
Ashwin,10001
Ashwin,10001
Ashwin,10001
Ashwin,10001
Ashwin,10001
Ashwin,10001
Ashwin,10001
Ashwin,10001
Ashwin,10001
Ashwin,10001
Ashwin,10001
Ashwin,10001
Ashwin,10001
Ashwin,10001
Ashwin,10001
Ashwin,10001
Ashwin,10001
Ashwin,10001
Ashwin,10001
Ashwin,10001
Ashwin,10001
Ashwin,10001
Ashwin,10001
Ashwin,10001
Ashwin,10001
Ashwin,10001
Ashwin,10001
Ashwin,10001
Ashwin,10001
Ashwin,10001
Ashwin,10001
Ashwin,10001
Ashwin,10001
Ashwin,10001
Ashwin,10001
Ashwin,10001
Ashwin,10001
Ashwin,10001
Ashwin,10001
Ashwin,10001
Ashwin,10001
Ashwin,10001
Ashwin,10001
Ashwin,10001
Ashwin,10001
Ashwin,10001
Ashwin,10001
Ashwin,10001
Ashwin,10001
Ashwin,10001
Ashwin,10001
Ashwin,10001
Ashwin,10001
Ashwin,10001
Ashwin,10001
Ashwin,10001
Ashwin,10001
Ashwin,10001
Ashwin,10001
Ashwin,10001
Ashwin,10001
Ashwin,10001
Ashwin,10001
Ashwin,10001
Ashwin,10001
Ashwin,10001
Ashwin,10001
Ashwin,10001
Ashwin,10001
Ashwin,10001
Ashwin,10001
Ashwin,10001
Ashwin,10001
Ashwin,10001
Ashwin,10001
Ashwin,10001
Ashwin,10001
Ashwin,10001
Ashwin,10001
Ashwin,10001
Ashwin,10001
Ashwin,10001
Ashwin,10001
Ashwin,10001
Ashwin,10001
Ashwin,10001
Ashwin,10001
Ashwin,10001
Ashwin,10001
Ashwin,10001
Ashwin,10001
Ashwin,10001
Ashwin,10001
Ashwin,10001
Ashwin,10001
Ashwin,10001
Ashwin,10001
Ashwin,10001
Ashwin,10001
Ashwin,10001
Ashwin,10001
Ashwin,10001
Ashwin,10001
Ashwin,10001
Ashwin,10001
Ashwin,10001
Ashwin,10001
Ashwin,10001
Ashwin,10001
Ashwin,10001
Ashwin,10001
Ashwin,10001
Ashwin,10001
Ashwin,10001
Ashwin,10001
Ashwin,10001
Ashwin,10001
Ashwin,10001
Ashwin,10001
Ashwin,10001
Ashwin,10001
Ashwin,10001
Ashwin,10001
Ashwin,10001
Ashwin,10001
Ashwin,10001
Ashwin,10001
Ashwin,10001
Ashwin,10001
Ashwin,10001
Ashwin,10001
Ashwin,10001
Ashwin,10001
Ashwin,10001
Ashwin,10001
Ashwin,10001
Ashwin,10001
Ashwin,10001
Ashwin,10001
Ashwin,10001
Ashwin,10001
Ashwin,10001
Ashwin,10001
Ashwin,10001
Ashwin,10001
Ashwin,10001
Ashwin,10001
Ashwin,10001
Ashwin,10001
Ashwin,10001
Ashwin,10001
Ashwin,10001
Ashwin,10001
Ashwin,10001
Ashwin,10001
Ashwin,10001
Ashwin,10001
Ashwin,10001
Ashwin,10001
Ashwin,10001
Ashwin,10001
Ashwin,10001
Ashwin,10001
Ashwin,10001
Ashwin,10001
Ashwin,10001
Ashwin,10001
Ashwin,10001
Ashwin,10001
Ashwin,10001
Ashwin,10001
Ashwin,10001
Ashwin,10001
Ashwin,10001
Ashwin,10001
Ashwin,10001
Ashwin,10001
Ashwin,10001
Ashwin,10001
Ashwin,10001
Ashwin,10001
Ashwin,10001
Ashwin,10001
Ashwin,10001
Ashwin,10001
Ashwin,10001
Ashwin,10001
Ashwin,10001
Ashwin,10001
Ashwin,10001
Ashwin,10001
Ashwin,10001
Ashwin,10001
Ashwin,10001
Ashwin,10001
Ashwin,10001
Ashwin,10001
Ashwin,10001
Ashwin,10001
Ashwin,10001
Ashwin,10001
Ashwin,10001
Ashwin,10001
Ashwin,10001
Ashwin,10001
Ashwin,10001
Ashwin,10001
Ashwin,10001
Ashwin,10001
Ashwin,10001
Ashwin,10001
Ashwin,10001
Ashwin,10001
Ashwin,10001
Ashwin,10001
Ashwin,10001
Ashwin,10001
Ashwin,10001
Ashwin,10001
Ashwin,10001
Ashwin,10001
Ashwin,10001
Ashwin,10001
Ashwin,10001
Ashwin,10001
Ashwin,10001
Ashwin,10001
Ashwin,10001
Ashwin,10001
Ashwin,10001
Ashwin,10001
Ashwin,10001
Ashwin,10001
Ashwin,10001
Ashwin,10001
Ashwin,10001
Ashwin,10001
Ashwin,10001
Ashwin,10001
Ashwin,10001
Ashwin,10001
Ashwin,10001
Ashwin,10001
Ashwin,10001
Ashwin,10001
Ashwin,10001
Ashwin,10001
Ashwin,10001
Ashwin,10001
Ashwin,10001
Ashwin,10001
Ashwin,10001
Ashwin,10001
Ashwin,10001
Ashwin,10001
Ashwin,10001
Ashwin,10001
Ashwin,10001
Ashwin,10001
Ashwin,10001
Ashwin,10001
Ashwin,10001
Ashwin,10001
Ashwin,10001
Ashwin,10001
Ashwin,10001
Ashwin,10001
Ashwin,10001
Ashwin,10001
Ashwin,10001
Ashwin,10001
Ashwin,10001
Ashwin,10001
Ashwin,10001
Ashwin,10001
Ashwin,10001
Ashwin,10001
Ashwin,10001
Ashwin,10001
Ashwin,10001
Ashwin,10001
Ashwin,10001
Ashwin,10001
Ashwin,10001
Ashwin,10001
Ashwin,10001
Ashwin,10001
Ashwin,10001
Ashwin,10001
Ashwin,10001
Ashwin,10001
Ashwin,10001
Ashwin,10001
Ashwin,10001
Ashwin,10001
Ashwin,10001
Ashwin,10001
Ashwin,10001
Ashwin,10001
Ashwin,10001
Ashwin,10001
Ashwin,10001
Ashwin,10001
Ashwin,10001
Ashwin,10001
Ashwin,10001
Ashwin,10001
Ashwin,10001
Ashwin,10001
Ashwin,10001
Ashwin,10001
Ashwin,10001
Ashwin,10001
Ashwin,10001
Ashwin,10001
Ashwin,10001
Ashwin,10001
Ashwin,10001
Ashwin,10001
Ashwin,10001
Ashwin,10001
Ashwin,10001
Ashwin,10001
Ashwin,10001
Ashwin,10001
Ashwin,10001
Ashwin,10001
Ashwin,10001
Ashwin,10001
Ashwin,10001
Ashwin,10001
Ashwin,10001
Ashwin,10001
Ashwin,10001
Ashwin,10001
Ashwin,10001
Ashwin,10001
Ashwin,10001
Ashwin,10001
Ashwin,10001
Ashwin,10001
Ashwin,10001
Ashwin,10001
Ashwin,10001
Ashwin,10001
Ashwin,10001
Ashwin,10001
Ashwin,10001
Ashwin,10001
Ashwin,10001
Ashwin,10001
Ashwin,10001
Ashwin,10001
Ashwin,10001
Ashwin,10001
Ashwin,10001
Ashwin,10001
Ashwin,10001
Ashwin,10001
Ashwin,10001
Ashwin,10001
Ashwin,10001
Ashwin,10001
Ashwin,10001
Ashwin,10001
Ashwin,10001
Ashwin,10001
Ashwin,10001
Ashwin,10001
Ashwin,10001
Ashwin,10001
Ashwin,10001
Ashwin,10001
Ashwin,10001
Ashwin,10001
Ashwin,10001
Ashwin,10001
Ashwin,10001
Ashwin,10001
Ashwin,10001
Ashwin,10001
Ashwin,10001
Ashwin,10001
Ashwin,10001
Ashwin,10001
Ashwin,10001
Ashwin,10001
Ashwin,10001
Ashwin,10001
Ashwin,10001
Ashwin,10001
Ashwin,10001
Ashwin,10001
Ashwin,10001
Ashwin,10001
Ashwin,10001
Ashwin,10001
Ashwin,10001
Ashwin,10001
Ashwin,10001
Ashwin,10001
Ashwin,10001
Ashwin,10001
Ashwin,10001
Ashwin,10001
Ashwin,10001
Ashwin,10001
Ashwin,10001
Ashwin,10001
Ashwin,10001
Ashwin,10001
Ashwin,10001
Ashwin,10001
Ashwin,10001
Ashwin,10001
Ashwin,10001
Ashwin,10001
Ashwin,10001
Ashwin,10001
Ashwin,10001
Ashwin,10001
Ashwin,10001
Ashwin,10001
Ashwin,10001
Ashwin,10001
Ashwin,10001
Ashwin,10001
Ashwin,10001
Ashwin,10001
Ashwin,10001
Ashwin,10001
Ashwin,10001
Ashwin,10001
Ashwin,10001
Ashwin,10001
Ashwin,10001
Ashwin,10001
Ashwin,10001
Ashwin,10001
Ashwin,10001
Ashwin,10001
Ashwin,10001
Ashwin,10001
Ashwin,10001
Ashwin,10001
Ashwin,10001
Ashwin,10001
Ashwin,10001
Ashwin,10001
Ashwin,10001
Ashwin,10001
Ashwin,10001
Ashwin,10001
Ashwin,10001
Ashwin,10001
Ashwin,10001
Ashwin,10001
Ashwin,10001
Ashwin,10001
Ashwin,10001
Ashwin,10001
Ashwin,10001
Ashwin,10001
Ashwin,10001
Ashwin,10001
Ashwin,10001
Ashwin,10001
Ashwin,10001
Ashwin,10001
Ashwin,10001
Ashwin,10001
Ashwin,10001
Ashwin,10001
Ashwin,10001
Ashwin,10001
Ashwin,10001
Ashwin,10001
Ashwin,10001
Ashwin,10001
Ashwin,10001
Ashwin,10001
Ashwin,10001
Ashwin,10001
Ashwin,10001
Ashwin,10001
Ashwin,10001
Ashwin,10001
Ashwin,10001
Ashwin,10001
Ashwin,10001
Ashwin,10001
Ashwin,10001
Ashwin,10001
Ashwin,10001
Ashwin,10001
Ashwin,10001
Ashwin,10001
Ashwin,10001
Ashwin,10001
Ashwin,10001
Ashwin,10001
Ashwin,10001
Ashwin,10001
Ashwin,10001
Ashwin,10001
Ashwin,10001
Ashwin,10001
Ashwin,10001
Ashwin,10001
Ashwin,10001
Ashwin,10001
Ashwin,10001
Ashwin,10001
Ashwin,10001
Ashwin,10001
Ashwin,10001
Ashwin,10001
Ashwin,10001
Ashwin,10001
Ashwin,10001
Ashwin,10001
Ashwin,10001
Ashwin,10001
Ashwin,10001
Ashwin,10001
Ashwin,10001
Ashwin,10001
Ashwin,10001
Ashwin,10001
Ashwin,10001
Ashwin,10001
Ashwin,10001
Ashwin,10001
Ashwin,10001
Ashwin,10001
Ashwin,10001
Ashwin,10001
Ashwin,10001
Ashwin,10001
Ashwin,10001
Ashwin,10001
Ashwin,10001
Ashwin,10001
Ashwin,10001
Ashwin,10001
Ashwin,10001
Ashwin,10001
Ashwin,10001
Ashwin,10001
Ashwin,10001
Ashwin,10001
Ashwin,10001
Ashwin,10001
Ashwin,10001
Ashwin,10001
Ashwin,10001
Ashwin,10001
Ashwin,10001
Ashwin,10001
Ashwin,10001
Ashwin,10001
Ashwin,10001
Ashwin,10001
Ashwin,10001
Ashwin,10001
Ashwin,10001
Ashwin,10001
Ashwin,10001
Ashwin,10001
Ashwin,10001
Ashwin,10001
Ashwin,10001
Ashwin,10001
Ashwin,10001
Ashwin,10001
Ashwin,10001
Ashwin,10001
Ashwin,10001
Ashwin,10001
Ashwin,10001
Ashwin,10001
Ashwin,10001
Ashwin,10001
Ashwin,10001
Ashwin,10001
Ashwin,10001
Ashwin,10001
Ashwin,10001
Ashwin,10001
Ashwin,10001
Ashwin,10001
Ashwin,10001
Ashwin,10001
Ashwin,10001
Ashwin,10001
Ashwin,10001
Ashwin,10001
Ashwin,10001
Ashwin,10001
Ashwin,10001
Ashwin,10001
Ashwin,10001
Ashwin,10001
Ashwin,10001
Ashwin,10001
Ashwin,10001
Ashwin,10001
Ashwin,10001
Ashwin,10001
Ashwin,10001
Ashwin,10001
Ashwin,10001
Ashwin,10001
Ashwin,10001
Ashwin,10001
Ashwin,10001
Ashwin,10001
Ashwin,10001
Ashwin,10001
Ashwin,10001
Ashwin,10001
Ashwin,10001
Ashwin,10001
Ashwin,10001
Ashwin,10001
Ashwin,10001
Ashwin,10001
Ashwin,10001
Ashwin,10001
Ashwin,10001
Ashwin,10001
Ashwin,10001
Ashwin,10001
Ashwin,10001
Ashwin,10001
Ashwin,10001
Ashwin,10001
Ashwin,10001
Ashwin,10001
Ashwin,10001
Ashwin,10001
Ashwin,10001
Ashwin,10001
Ashwin,10001
Ashwin,10001
Ashwin,10001
Ashwin,10001
Ashwin,10001
Ashwin,10001
Ashwin,10001
Ashwin,10001
Ashwin,10001
Ashwin,10001
Ashwin,10001
Ashwin,10001
Ashwin,10001
Ashwin,10001
Ashwin,10001
Ashwin,10001
Ashwin,10001
Ashwin,10001
Ashwin,10001
Ashwin,10001
Ashwin,10001
Ashwin,10001
Ashwin,10001
Ashwin,10001
Ashwin,10001
Ashwin,10001
Ashwin,10001
Ashwin,10001
Ashwin,10001
Ashwin,10001
Ashwin,10001
Ashwin,10001
Ashwin,10001
Ashwin,10001
Ashwin,10001
Ashwin,10001
Ashwin,10001
Ashwin,10001
Ashwin,10001
Ashwin,10001
Ashwin,10001
Ashwin,10001
Ashwin,10001
Ashwin,10001
Ashwin,10001
Ashwin,10001
Ashwin,10001
Ashwin,10001
Ashwin,10001
Ashwin,10001
Ashwin,10001
Ashwin,10001
Ashwin,10001
Ashwin,10001
Ashwin,10001
Ashwin,10001
Ashwin,10001
Ashwin,10001
Ashwin,10001
Ashwin,10001
Ashwin,10001
Ashwin,10001
Ashwin,10001
Ashwin,10001
Ashwin,10001
Ashwin,10001
Ashwin,10001
Ashwin,10001
Ashwin,10001
Ashwin,10001
Ashwin,10001
Ashwin,10001
Ashwin,10001
Ashwin,10001
Ashwin,10001
Ashwin,10001
Ashwin,10001
Ashwin,10001
Ashwin,10001
Ashwin,10001
Ashwin,10001
Ashwin,10001
Ashwin,10001
Ashwin,10001
Ashwin,10001
Ashwin,10001
Ashwin,10001
Ashwin,10001
Ashwin,10001
Ashwin,10001
Ashwin,10001
Ashwin,10001
Ashwin,10001
Ashwin,10001
Ashwin,10001
Ashwin,10001
Ashwin,10001
Ashwin,10001
Ashwin,10001
Ashwin,10001
Ashwin,10001
Ashwin,10001
Ashwin,10001
Ashwin,10001
Ashwin,10001
Ashwin,10001
Ashwin,10001
Ashwin,10001
Ashwin,10001
Ashwin,10001
Ashwin,10001
Ashwin,10001
Ashwin,10001
Ashwin,10001
Ashwin,10001
Ashwin,10001
Ashwin,10001
Ashwin,10001
Ashwin,10001
Ashwin,10001
Ashwin,10001
Ashwin,10001
Ashwin,10001
Ashwin,10001
Ashwin,10001
Ashwin,10001
Ashwin,10001
Ashwin,10001
Ashwin,10001
Ashwin,10001
Ashwin,10001
Ashwin,10001
Ashwin,10001
Ashwin,10001
Ashwin,10001
Ashwin,10001
Ashwin,10001
Ashwin,10001
Ashwin,10001
Ashwin,10001
Ashwin,10001
Ashwin,10001
Ashwin,10001
Ashwin,10001
Ashwin,10001
Ashwin,10001
Ashwin,10001
Ashwin,10001
Ashwin,10001
Ashwin,10001
Ashwin,10001
Ashwin,10001
Ashwin,10001
Ashwin,10001
Ashwin,10001
Ashwin,10001
Ashwin,10001
Ashwin,10001
Ashwin,10001
Ashwin,10001
Ashwin,10001
Ashwin,10001
Ashwin,10001
Ashwin,10001
Ashwin,10001
Ashwin,10001
Ashwin,10001
Ashwin,10001
Ashwin,10001
Ashwin,10001
Ashwin,10001
Ashwin,10001
Ashwin,10001
Ashwin,10001
Ashwin,10001
Ashwin,10001
Ashwin,10001
Ashwin,10001
Ashwin,10001
Ashwin,10001
Ashwin,10001
Ashwin,10001
Ashwin,10001
Ashwin,10001
Ashwin,10001
Ashwin,10001
Ashwin,10001
Ashwin,10001
Ashwin,10001
Ashwin,10001
Ashwin,10001
Ashwin,10001
Ashwin,10001
Ashwin,10001
Ashwin,10001
Ashwin,10001
Ashwin,10001
Ashwin,10001
Ashwin,10001
Ashwin,10001
Ashwin,10001
Ashwin,10001
Ashwin,10001
Ashwin,10001
Ashwin,10001
Ashwin,10001
Ashwin,10001
Ashwin,10001
Ashwin,10001
Ashwin,10001
Ashwin,10001
Ashwin,10001
Ashwin,10001
Ashwin,10001
Ashwin,10001
Ashwin,10001
Ashwin,10001
Ashwin,10001
Ashwin,10001
Ashwin,10001
Ashwin,10001
Ashwin,10001
Ashwin,10001
Ashwin,10001
Ashwin,10001
Ashwin,10001
Ashwin,10001
Ashwin,10001
Ashwin,10001
Ashwin,10001
Ashwin,10001
Ashwin,10001
Ashwin,10001
Ashwin,10001
Ashwin,10001
Ashwin,10001
Ashwin,10001
Ashwin,10001
Ashwin,10001
Ashwin,10001
Ashwin,10001
Ashwin,10001
Ashwin,10001
Ashwin,10001
Ashwin,10001
Ashwin,10001
Ashwin,10001
Ashwin,10001
Ashwin,10001
Ashwin,10001
Ashwin,10001
Ashwin,10001
Ashwin,10001
Ashwin,10001
Ashwin,10001
Ashwin,10001
Ashwin,10001
Ashwin,10001
Ashwin,10001
Ashwin,10001
Ashwin,10001
Ashwin,10001
Ashwin,10001
Ashwin,10001
Ashwin,10001
Ashwin,10001
Ashwin,10001
Ashwin,10001
Ashwin,10001
Ashwin,10001
Ashwin,10001
Ashwin,10001
Ashwin,10001
Ashwin,10001
Ashwin,10001
Ashwin,10001
Ashwin,10001
Ashwin,10001
Ashwin,10001
Ashwin,10001
Ashwin,10001
Ashwin,10001
Ashwin,10001
Ashwin,10001
Ashwin,10001
Ashwin,10001
Ashwin,10001
Ashwin,10001
Ashwin,10001
Ashwin,10001
Ashwin,10001
Ashwin,10001
Ashwin,10001
Ashwin,10001
Ashwin,10001
Ashwin,10001
Ashwin,10001
Ashwin,10001
Ashwin,10001
Ashwin,10001
Ashwin,10001
Ashwin,10001
Ashwin,10001
Ashwin,10001
Ashwin,10001
Ashwin,10001
Ashwin,10001
Ashwin,10001
Ashwin,10001
Ashwin,10001
Ashwin,10001
Ashwin,10001
Ashwin,10001
Ashwin,10001
Ashwin,10001
Ashwin,10001
Ashwin,10001
Ashwin,10001
Ashwin,10001
Ashwin,10001
Ashwin,10001
Ashwin,10001
Ashwin,10001
Ashwin,10001
Ashwin,10001
Ashwin,10001
Ashwin,10001
Ashwin,10001
Ashwin,10001
Ashwin,10001
Ashwin,10001
Ashwin,10001
Ashwin,10001
Ashwin,10001
Ashwin,10001
Ashwin,10001
Ashwin,10001
Ashwin,10001
Ashwin,10001
Ashwin,10001
Ashwin,10001
Ashwin,10001
Ashwin,10001
Ashwin,10001
Ashwin,10001
Ashwin,10001
Ashwin,10001
Ashwin,10001
Ashwin,10001
Ashwin,10001
Ashwin,10001
Ashwin,10001
Ashwin,10001
Ashwin,10001
Ashwin,10001
Ashwin,10001
Ashwin,10001
Ashwin,10001
Ashwin,10001
Ashwin,10001
Ashwin,10001
Ashwin,10001
Ashwin,10001
Ashwin,10001
Ashwin,10001
Ashwin,10001
Ashwin,10001
Ashwin,10001
Ashwin,10001
Ashwin,10001
Ashwin,10001
Ashwin,10001
Ashwin,10001
Ashwin,10001
Ashwin,10001
Ashwin,10001
Ashwin,10001
Ashwin,10001
Ashwin,10001
Ashwin,10001
Ashwin,10001
Ashwin,10001
Ashwin,10001
Ashwin,10001
Ashwin,10001
Ashwin,10001
Ashwin,10001
Ashwin,10001
Ashwin,10001
Ashwin,10001
Ashwin,10001
Ashwin,10001
Ashwin,10001
Ashwin,10001
Ashwin,10001
Ashwin,10001
Ashwin,10001
Ashwin,10001
Ashwin,10001
Ashwin,10001
Ashwin,10001
Ashwin,10001
Ashwin,10001
Ashwin,10001
Ashwin,10001
Ashwin,10001
Ashwin,10001
Ashwin,10001
Ashwin,10001
Ashwin,10001
Ashwin,10001
Ashwin,10001
Ashwin,10001
Ashwin,10001
Ashwin,10001
Ashwin,10001
Ashwin,10001
Ashwin,10001
Ashwin,10001
Ashwin,10001
Ashwin,10001
Ashwin,10001
Ashwin,10001
Ashwin,10001
Ashwin,10001
Ashwin,10001
Ashwin,10001
Ashwin,10001
Ashwin,10001
Ashwin,10001
Ashwin,10001
Ashwin,10001
Ashwin,10001
Ashwin,10001
Ashwin,10001
Ashwin,10001
Ashwin,10001
Ashwin,10001
Ashwin,10001
Ashwin,10001
Ashwin,10001
Ashwin,10001
Ashwin,10001
Ashwin,10001
Ashwin,10001
Ashwin,10001
Ashwin,10001
Ashwin,10001
Ashwin,10001
Ashwin,10001
Ashwin,10001
Ashwin,10001
Ashwin,10001
Ashwin,10001
Ashwin,10001
Ashwin,10001
Ashwin,10001
Ashwin,10001
Ashwin,10001
Ashwin,10001
Ashwin,10001
Ashwin,10001
Ashwin,10001
Ashwin,10001
Ashwin,10001
Ashwin,10001
Ashwin,10001
Ashwin,10001
Ashwin,10001
Ashwin,10001
Ashwin,10001
Ashwin,10001
Ashwin,10001
Ashwin,10001
Ashwin,10001
Ashwin,10001
Ashwin,10001
Ashwin,10001
Ashwin,10001
Ashwin,10001
Ashwin,10001
Ashwin,10001
Ashwin,10001
Ashwin,10001
Ashwin,10001
Ashwin,10001
Ashwin,10001
Ashwin,10001
Ashwin,10001
Ashwin,10001
Ashwin,10001
Ashwin,10001
Ashwin,10001
Ashwin,10001
Ashwin,10001
Ashwin,10001
Ashwin,10001
Ashwin,10001
Ashwin,10001
Ashwin,10001
Ashwin,10001
Ashwin,10001
Ashwin,10001
Ashwin,10001
Ashwin,10001
Ashwin,10001
Ashwin,10001
Ashwin,10001
Ashwin,10001
Ashwin,10001
Ashwin,10001
Ashwin,10001
Ashwin,10001
Ashwin,10001
Ashwin,10001
Ashwin,10001
Ashwin,10001
Ashwin,10001
Ashwin,10001
Ashwin,10001
Ashwin,10001
Ashwin,10001
Ashwin,10001
Ashwin,10001
Ashwin,10001
Ashwin,10001
Ashwin,10001
Ashwin,10001
Ashwin,10001
Ashwin,10001
Ashwin,10001
Ashwin,10001
Ashwin,10001
Ashwin,10001
Ashwin,10001
Ashwin,10001
Ashwin,10001
Ashwin,10001
Ashwin,10001
Ashwin,10001
Ashwin,10001
Ashwin,10001
Ashwin,10001
Ashwin,10001
Ashwin,10001
Ashwin,10001
Ashwin,10001
Ashwin,10001
Ashwin,10001
Ashwin,10001
Ashwin,10001
Ashwin,10001
Ashwin,10001
Ashwin,10001
Ashwin,10001
Ashwin,10001
Ashwin,10001
Ashwin,10001
Ashwin,10001
Ashwin,10001
Ashwin,10001
Ashwin,10001
Ashwin,10001
Ashwin,10001
Ashwin,10001
Ashwin,10001
Ashwin,10001
Ashwin,10001
Ashwin,10001
Ashwin,10001
Ashwin,10001
Ashwin,10001
Ashwin,10001
Ashwin,10001
Ashwin,10001
Ashwin,10001
Ashwin,10001
Ashwin,10001
Ashwin,10001
Ashwin,10001
Ashwin,10001
Ashwin,10001
Ashwin,10001
Ashwin,10001
Ashwin,10001
Ashwin,10001
Ashwin,10001
Ashwin,10001
Ashwin,10001
Ashwin,10001
Ashwin,10001
Ashwin,10001
Ashwin,10001
Ashwin,10001
Ashwin,10001
Ashwin,10001
Ashwin,10001
Ashwin,10001
Ashwin,10001
Ashwin,10001
Ashwin,10001
Ashwin,10001
Ashwin,10001
Ashwin,10001
Ashwin,10001
Ashwin,10001
Ashwin,10001
Ashwin,10001
Ashwin,10001
Ashwin,10001
Ashwin,10001
Ashwin,10001
Ashwin,10001
Ashwin,10001
Ashwin,10001
Ashwin,10001
Ashwin,10001
Ashwin,10001
Ashwin,10001
Ashwin,10001
Ashwin,10001
Ashwin,10001
Ashwin,10001
Ashwin,10001
Ashwin,10001
Ashwin,10001
Ashwin,10001
Ashwin,10001
Ashwin,10001
Ashwin,10001
Ashwin,10001
Ashwin,10001
Ashwin,10001
Ashwin,10001
Ashwin,10001
Ashwin,10001
Ashwin,10001
Ashwin,10001
Ashwin,10001
Ashwin,10001
Ashwin,10001
Ashwin,10001
Ashwin,10001
Ashwin,10001
Ashwin,10001
Ashwin,10001
Ashwin,10001
Ashwin,10001
Ashwin,10001
Ashwin,10001
Ashwin,10001
Ashwin,10001
Ashwin,10001
Ashwin,10001
Ashwin,10001
Ashwin,10001
Ashwin,10001
Ashwin,10001
Ashwin,10001
Ashwin,10001
Ashwin,10001
Ashwin,10001
Ashwin,10001
Ashwin,10001
Ashwin,10001
Ashwin,10001
Ashwin,10001
Ashwin,10001
Ashwin,10001
Ashwin,10001
Ashwin,10001
Ashwin,10001
Ashwin,10001
Ashwin,10001
Ashwin,10001
Ashwin,10001
Ashwin,10001
Ashwin,10001
Ashwin,10001
Ashwin,10001
Ashwin,10001
Ashwin,10001
Ashwin,10001
Ashwin,10001
Ashwin,10001
Ashwin,10001
Ashwin,10001
Ashwin,10001
Ashwin,10001
Ashwin,10001
Ashwin,10001
Ashwin,10001
Ashwin,10001
Ashwin,10001
Ashwin,10001
Ashwin,10001
Ashwin,10001
Ashwin,10001
Ashwin,10001
Ashwin,10001
Ashwin,10001
Ashwin,10001
Ashwin,10001
Ashwin,10001
Ashwin,10001
Ashwin,10001
Ashwin,10001
Ashwin,10001
Ashwin,10001
Ashwin,10001
Ashwin,10001
Ashwin,10001
Ashwin,10001
Ashwin,10001
Ashwin,10001
Ashwin,10001
Ashwin,10001
Ashwin,10001
Ashwin,10001
Ashwin,10001
Ashwin,10001
Ashwin,10001
Ashwin,10001
Ashwin,10001
Ashwin,10001
Ashwin,10001
Ashwin,10001
Ashwin,10001
Ashwin,10001
Ashwin,10001
Ashwin,10001
Ashwin,10001
Ashwin,10001
Ashwin,10001
Ashwin,10001
Ashwin,10001
Ashwin,10001
Ashwin,10001
Ashwin,10001
Ashwin,10001
Ashwin,10001
Ashwin,10001
Ashwin,10001
Ashwin,10001
Ashwin,10001
Ashwin,10001
Ashwin,10001
Ashwin,10001
Ashwin,10001
Ashwin,10001
Ashwin,10001
Ashwin,10001
Ashwin,10001
Ashwin,10001
Ashwin,10001
Ashwin,10001
Ashwin,10001
Ashwin,10001
Ashwin,10001
Ashwin,10001
Ashwin,10001
Ashwin,10001
Ashwin,10001
Ashwin,10001
Ashwin,10001
Ashwin,10001
Ashwin,10001
Ashwin,10001
Ashwin,10001
Ashwin,10001
Ashwin,10001
Ashwin,10001
Ashwin,10001
Ashwin,10001
Ashwin,10001
Ashwin,10001
Ashwin,10001
Ashwin,10001
Ashwin,10001
Ashwin,10001
Ashwin,10001
Ashwin,10001
Ashwin,10001
Ashwin,10001
Ashwin,10001
Ashwin,10001
Ashwin,10001
Ashwin,10001
Ashwin,10001
Ashwin,10001
Ashwin,10001
Ashwin,10001
Ashwin,10001
Ashwin,10001
Ashwin,10001
Ashwin,10001
Ashwin,10001
Ashwin,10001
Ashwin,10001
Ashwin,10001
Ashwin,10001
Ashwin,10001
Ashwin,10001
Ashwin,10001
Ashwin,10001
Ashwin,10001
Ashwin,10001
Ashwin,10001
Ashwin,10001
Ashwin,10001
Ashwin,10001
Ashwin,10001
Ashwin,10001
Ashwin,10001
Ashwin,10001
Ashwin,10001
Ashwin,10001
Ashwin,10001
Ashwin,10001
Ashwin,10001
Ashwin,10001
Ashwin,10001
Ashwin,10001
Ashwin,10001
Ashwin,10001
Ashwin,10001
Ashwin,10001
Ashwin,10001
Ashwin,10001
Ashwin,10001
Ashwin,10001
Ashwin,10001
Ashwin,10001
Ashwin,10001
Ashwin,10001
Ashwin,10001
Ashwin,10001
Ashwin,10001
Ashwin,10001
Ashwin,10001
Ashwin,10001
Ashwin,10001
Ashwin,10001
Ashwin,10001
Ashwin,10001
Ashwin,10001
Ashwin,10001
Ashwin,10001
Ashwin,10001
Ashwin,10001
Ashwin,10001
Ashwin,10001
Ashwin,10001
Ashwin,10001
Ashwin,10001
Ashwin,10001
Ashwin,10001
Ashwin,10001
Ashwin,10001
Ashwin,10001
Ashwin,10001
Ashwin,10001
Ashwin,10001
Ashwin,10001
Ashwin,10001
Ashwin,10001
Ashwin,10001
Ashwin,10001
Ashwin,10001
Ashwin,10001
Ashwin,10001
Ashwin,10001
Ashwin,10001
Ashwin,10001
Ashwin,10001
Ashwin,10001
Ashwin,10001